Titulo,Información
Oferta educativa,"En el CEDI contamos con clases de: Inglés, Chino Mandarín, Francés, Alemán, Italiano y Portugués."
¿Quién se puede inscribir?,"Comunidad FCA, comunidad UNAM, escuelas incorporadas y público general."
Aprendizaje flexible,"Cursos en línea, presencial, híbrido y autogestivos."
Comunidad FCA - Plan 2012,"A partir de la generación 2012, los alumnos podrán acreditar el dominio del idioma inglés en nivel intermedio (B1), de conformidad con lo establecido en el Marco Común Europeo de Referencia para las Lenguas (MCER), el cual contempla el desarrollo de las habilidades de comprensión auditiva, expresión oral, lectura y competencia lingüística. Los alumnos de las generaciones a partir de 2012 podrán obtener una constancia de posesión del idioma inglés, con una vigencia de cinco años, a través de alguna de las siguientes modalidades:Presentar y acreditar el Examen Global de Conocimiento de Inglés, aplicado por la Facultad de Contaduría y Administración. -Cursar y acreditar el nivel 6 de inglés en el Centro de Idiomas de la Facultad de Contaduría y Administración, con un promedio mínimo de 8. Al concluir satisfactoriamente este nivel, se expedirá la constancia correspondiente de posesión del idioma. -Para la Licenciatura en Negocios Internacionales,            lo anterior no aplica, de conformidad con lo establecido en su Plan de Estudios (apartado 4.9.5)."
Comunidad FCA - Planes anteriores,"Para los planes de estudio previos a 2012, el requisito es obtener la constancia de Comprensión de Lectura del Idioma Inglés, el cual se libera de las siguientes modalidades:Presentar el Examen de Comprensión de Lectura            en el Centro de Idiomas de la FCA. -Acreditar el curso de Comprensión de Lectura de Textos en Inglés. -Entregar constancia de comprensión de lectura emitida por el            ENALLT (antes CELE) a la Administración Escolar de la FCA."
Comunidad FCA - Revalidación,"La equivalencia de estudios es el proceso realizado por el Centro de Idiomas (CEDI) mediante el cual se declaran como equiparables los certificados emitidos por alguna dependencia de la UNAM, o externa, que indiquen la acreditación de la posesión o dominio del idioma inglés a un nivel intermedio B1 o superior, de acuerdo con el Marco Común Europeo de Referencia para las Lenguas (MCER). Este trámite es aplicable a alumnos y exalumnos de la Facultad de Contaduría y Administración que hayan cursado la licenciatura en Contaduría, Administración o Informática a partir del plan de estudios 2012 (no para planes anteriores), y se realiza en la Mediateca (piso 2 del edificio G). Duración del trámite: Este procedimiento tiene una duración de 15 días hábiles para la entrega de la carta de revalidación o equivalencia. Si tu constancia o certificado cumple con los requisitos y es aprobado, se te enviará un correo electrónico de parte de revalidaciones.fca.cedi@gmail.com, para que puedas acudir a las instalaciones de Mediateca a recoger tu constancia o certificado original, así como tu constancia de revalidación. En caso de que tu constancia o certificado no cumpla con los requisitos, antes de 10 días hábiles se te informará por medio del mismo correo que el trámite no procede y que deberás acudir a la Mediateca para recoger tu constancia y fotografías. Consideraciones importantes: Una vez que recibas tu carta de revalidación y tu constancia o certificado físico, deberás escanear ambos documentos en un mismo archivo en formato PDF y enviarlos al correo electrónico: constancias-requisitos@fca.unam.mx. Lo anterior es indispensable para que el trámite se pueda ver reflejado en tu historial académico (en el propio correo que envíes puedes preguntar el tiempo que tardará en verse reflejado). El horario de atención y recepción de documentos es de lunes a viernes de 9:00 a 14:00 y de 16:00 a 19:00 horas. Por medio del correo revalidaciones.fca.cedi@gmail.com, nos contactaremos con la persona interesada para informarle sobre el seguimiento de su trámite. ¿Cómo identifico a qué plan de estudios pertenezco? (Consulta el archivo PDF con las especificaciones: https://idiomas.fca.unam.mx/docs/consulta_historial_academico.pdf). Notas: No se realiza trámite de revalidación para comprensión de lectura, únicamente para posesión o dominio del idioma inglés. Deberás revisar que la constancia o el certificado estén vigentes. En el caso de que en el documento no se mencione la vigencia, se considerará vigente un periodo máximo de 3 años a partir de su emisión. El servicio de revalidación o equivalencia de estudios es aplicable únicamente para licenciaturas FCA (Contaduría, Administración e Informática) planes de estudio 2012 o posteriores."
Actividades extracurriculares,Talleres | Link para más información: https://idiomas.fca.unam.mx/talleres.php
Actividades extracurriculares,Asesorías y tutorías | Link para más información: https://idiomas.fca.unam.mx/asesorias.php
Actividades extracurriculares,Club de conversación | Link para más información: https://idiomas.fca.unam.mx/club_conversacion.php
